{"cameraMode":{"drawMode":0,"name":"Shaded","section":"Shading Mode"},"sceneLighting":false,"audioPlay":false,"sceneViewState":{"showFog":true,"showMaterialUpdate":false,"showSkybox":false,"showFlares":true,"showImageEffects":true,"showParticleSystems":true},"in2DMode":false,"pivot":{"x":9.25492000579834,"y":22.442142486572267,"z":-8.834283828735352},"rotation":{"x":0.2649601995944977,"y":0.1837356686592102,"z":-0.05150585249066353,"w":0.9451913833618164},"size":17.0754337310791,"orthographic":false}