{"cameraMode":{"drawMode":0,"name":"Shaded","section":"Shading Mode"},"sceneLighting":false,"audioPlay":false,"sceneViewState":{"showFog":true,"showMaterialUpdate":false,"showSkybox":false,"showFlares":true,"showImageEffects":true,"showParticleSystems":true},"in2DMode":false,"pivot":{"x":13.23690414428711,"y":10.192089080810547,"z":-11.368415832519532},"rotation":{"x":0.32301101088523867,"y":0.6353803277015686,"z":-0.33224818110466006,"w":0.6177139282226563},"size":36.96366882324219,"orthographic":false}