{"cameraMode":{"drawMode":0,"name":"Shaded","section":"Shading Mode"},"sceneLighting":false,"audioPlay":false,"sceneViewState":{"showFog":true,"showMaterialUpdate":false,"showSkybox":false,"showFlares":true,"showImageEffects":true,"showParticleSystems":true},"in2DMode":false,"pivot":{"x":8.905600547790528,"y":3.8853354454040529,"z":7.209380149841309},"rotation":{"x":0.4187694191932678,"y":0.5812321901321411,"z":-0.49336278438568118,"w":0.4933544099330902},"size":15.20134162902832,"orthographic":false}