{"cameraMode":{"drawMode":0,"name":"Shaded","section":"Shading Mode"},"sceneLighting":false,"audioPlay":false,"sceneViewState":{"showFog":true,"showMaterialUpdate":false,"showSkybox":false,"showFlares":true,"showImageEffects":true,"showParticleSystems":true},"in2DMode":false,"pivot":{"x":1.906916618347168,"y":1.0298635959625245,"z":-26.16916275024414},"rotation":{"x":0.39153361320495608,"y":0.5776281356811523,"z":-0.3680531680583954,"w":0.6144794821739197},"size":30.26992416381836,"orthographic":false}