{"cameraMode":{"drawMode":0,"name":"Shaded","section":"Shading Mode"},"sceneLighting":false,"audioPlay":false,"sceneViewState":{"showFog":true,"showMaterialUpdate":false,"showSkybox":false,"showFlares":true,"showImageEffects":true,"showParticleSystems":true},"in2DMode":false,"pivot":{"x":3.233999729156494,"y":4.67525577545166,"z":-7.190674304962158},"rotation":{"x":0.39318495988845827,"y":0.418368399143219,"z":-0.20770242810249329,"w":0.7919811010360718},"size":20.156831741333009,"orthographic":false}