{"cameraMode":{"drawMode":0,"name":"Shaded","section":"Shading Mode"},"sceneLighting":false,"audioPlay":false,"sceneViewState":{"showFog":true,"showMaterialUpdate":false,"showSkybox":false,"showFlares":true,"showImageEffects":true,"showParticleSystems":true},"in2DMode":false,"pivot":{"x":6.075844764709473,"y":6.044536590576172,"z":-5.5731587409973148},"rotation":{"x":0.39318495988845827,"y":0.418368399143219,"z":-0.20770242810249329,"w":0.7919811010360718},"size":17.202922821044923,"orthographic":false}