{"cameraMode":{"drawMode":0,"name":"Shaded","section":"Shading Mode"},"sceneLighting":false,"audioPlay":false,"sceneViewState":{"showFog":true,"showMaterialUpdate":false,"showSkybox":false,"showFlares":true,"showImageEffects":true,"showParticleSystems":true},"in2DMode":false,"pivot":{"x":10.061912536621094,"y":56.039939880371097,"z":-1.610219955444336},"rotation":{"x":0.3275730609893799,"y":0.5151414275169373,"z":-0.22194577753543855,"w":0.7603068351745606},"size":58.09955978393555,"orthographic":false}