{"cameraMode":{"drawMode":0,"name":"Shaded","section":"Shading Mode"},"sceneLighting":false,"audioPlay":false,"sceneViewState":{"showFog":true,"showMaterialUpdate":false,"showSkybox":false,"showFlares":true,"showImageEffects":true,"showParticleSystems":true},"in2DMode":false,"pivot":{"x":-1.1490087509155274,"y":7.525050163269043,"z":-2.3648433685302736},"rotation":{"x":0.39318495988845827,"y":0.418368399143219,"z":-0.20770242810249329,"w":0.7919811010360718},"size":17.452442169189454,"orthographic":false}