{"cameraMode":{"drawMode":0,"name":"Shaded","section":"Shading Mode"},"sceneLighting":false,"audioPlay":false,"sceneViewState":{"showFog":true,"showMaterialUpdate":false,"showSkybox":false,"showFlares":true,"showImageEffects":true,"showParticleSystems":true},"in2DMode":false,"pivot":{"x":11.19265079498291,"y":21.10468864440918,"z":-8.520007133483887},"rotation":{"x":0.3275730609893799,"y":0.5151414275169373,"z":-0.22194577753543855,"w":0.7603068351745606},"size":26.235626220703126,"orthographic":false}