{"cameraMode":{"drawMode":0,"name":"Shaded","section":"Shading Mode"},"sceneLighting":false,"audioPlay":false,"sceneViewState":{"showFog":true,"showMaterialUpdate":false,"showSkybox":false,"showFlares":true,"showImageEffects":true,"showParticleSystems":true},"in2DMode":false,"pivot":{"x":-0.000004291534423828125,"y":0.16353744268417359,"z":-4.76837158203125e-7},"rotation":{"x":0.39153361320495608,"y":0.5776281356811523,"z":-0.3680531680583954,"w":0.6144794821739197},"size":9.674647331237793,"orthographic":false}