{"cameraMode":{"drawMode":0,"name":"Shaded","section":"Shading Mode"},"sceneLighting":false,"audioPlay":false,"sceneViewState":{"showFog":true,"showMaterialUpdate":false,"showSkybox":false,"showFlares":true,"showImageEffects":true,"showParticleSystems":true},"in2DMode":false,"pivot":{"x":9.40153694152832,"y":26.78160858154297,"z":-4.158454895019531},"rotation":{"x":0.21243302524089814,"y":0.7505371570587158,"z":-0.28663313388824465,"w":0.5562465190887451},"size":30.295669555664064,"orthographic":false}