{"cameraMode":{"drawMode":0,"name":"Shaded","section":"Shading Mode"},"sceneLighting":false,"audioPlay":false,"sceneViewState":{"showFog":true,"showMaterialUpdate":false,"showSkybox":false,"showFlares":true,"showImageEffects":true,"showParticleSystems":true},"in2DMode":false,"pivot":{"x":5.9827165603637699,"y":20.379718780517579,"z":-8.353626251220704},"rotation":{"x":0.21243302524089814,"y":0.7505371570587158,"z":-0.28663313388824465,"w":0.5562465190887451},"size":24.790555953979493,"orthographic":false}