{"cameraMode":{"drawMode":0,"name":"Shaded","section":"Shading Mode"},"sceneLighting":false,"audioPlay":false,"sceneViewState":{"showFog":true,"showMaterialUpdate":false,"showSkybox":false,"showFlares":true,"showImageEffects":true,"showParticleSystems":true},"in2DMode":false,"pivot":{"x":-0.6975002288818359,"y":7.525050163269043,"z":-0.04999876022338867},"rotation":{"x":0.05839874967932701,"y":0.9380780458450317,"z":-0.1958385854959488,"w":0.27973100543022158},"size":20.969226837158204,"orthographic":false}