{"cameraMode":{"drawMode":0,"name":"Shaded","section":"Shading Mode"},"sceneLighting":false,"audioPlay":false,"sceneViewState":{"showFog":true,"showMaterialUpdate":false,"showSkybox":false,"showFlares":true,"showImageEffects":true,"showParticleSystems":true},"in2DMode":false,"pivot":{"x":5.955499649047852,"y":6.044536590576172,"z":-6.2519989013671879},"rotation":{"x":0.05839874967932701,"y":0.9380780458450317,"z":-0.1958385854959488,"w":0.27973100543022158},"size":19.142812728881837,"orthographic":false}