{"cameraMode":{"drawMode":0,"name":"Shaded","section":"Shading Mode"},"sceneLighting":false,"audioPlay":false,"sceneViewState":{"showFog":true,"showMaterialUpdate":false,"showSkybox":false,"showFlares":true,"showImageEffects":true,"showParticleSystems":true},"in2DMode":false,"pivot":{"x":11.19265079498291,"y":21.10468864440918,"z":-8.520007133483887},"rotation":{"x":0.21243302524089814,"y":0.7505371570587158,"z":-0.28663313388824465,"w":0.5562465190887451},"size":26.235626220703126,"orthographic":false}