{"cameraMode":{"drawMode":0,"name":"Shaded","section":"Shading Mode"},"sceneLighting":false,"audioPlay":false,"sceneViewState":{"showFog":true,"showMaterialUpdate":false,"showSkybox":false,"showFlares":true,"showImageEffects":true,"showParticleSystems":true},"in2DMode":false,"pivot":{"x":7.888730049133301,"y":23.841796875,"z":-5.030930042266846},"rotation":{"x":0.21243302524089814,"y":0.7505371570587158,"z":-0.28663313388824465,"w":0.5562465190887451},"size":28.43079948425293,"orthographic":false}