{"cameraMode":{"drawMode":0,"name":"Shaded","section":"Shading Mode"},"sceneLighting":false,"audioPlay":false,"sceneViewState":{"showFog":true,"showMaterialUpdate":false,"showSkybox":false,"showFlares":true,"showImageEffects":true,"showParticleSystems":true},"in2DMode":false,"pivot":{"x":16.662105560302736,"y":-0.726226806640625,"z":-11.477669715881348},"rotation":{"x":0.4689253568649292,"y":0.20189061760902406,"z":-0.11103039979934693,"w":0.8526589274406433},"size":12.268830299377442,"orthographic":false}