{"cameraMode":{"drawMode":0,"name":"Shaded","section":"Shading Mode"},"sceneLighting":true,"audioPlay":false,"sceneViewState":{"showFog":true,"showMaterialUpdate":false,"showSkybox":true,"showFlares":true,"showImageEffects":true,"showParticleSystems":true},"in2DMode":false,"pivot":{"x":811.6983642578125,"y":-477.7142333984375,"z":635.1256713867188},"rotation":{"x":0.27790480852127077,"y":0.45071908831596377,"z":-0.15001823008060456,"w":0.8349389433860779},"size":765.3865966796875,"orthographic":false}