{"cameraMode":{"drawMode":0,"name":"Shaded","section":"Shading Mode"},"sceneLighting":false,"audioPlay":false,"sceneViewState":{"showFog":true,"showMaterialUpdate":false,"showSkybox":false,"showFlares":true,"showImageEffects":true,"showParticleSystems":true},"in2DMode":false,"pivot":{"x":-0.5119768977165222,"y":2.015981674194336,"z":-7.9887189865112309},"rotation":{"x":0.542149007320404,"y":0.16028262674808503,"z":-0.10623225569725037,"w":0.8179872035980225},"size":9.404536247253418,"orthographic":false}