{"cameraMode":{"drawMode":0,"name":"Shaded","section":"Shading Mode"},"sceneLighting":false,"audioPlay":false,"sceneViewState":{"showFog":false,"showMaterialUpdate":false,"showSkybox":false,"showFlares":false,"showImageEffects":false,"showParticleSystems":false},"in2DMode":false,"pivot":{"x":5.955499649047852,"y":6.044536590576172,"z":-5.2099995613098148},"rotation":{"x":-0.2957048714160919,"y":0.026359478011727334,"z":-0.008161940611898899,"w":-0.9548861980438232},"size":17.202499389648439,"orthographic":false}