{"cameraMode":{"drawMode":0,"name":"Shaded","section":"Shading Mode"},"sceneLighting":false,"audioPlay":false,"sceneViewState":{"showFog":false,"showMaterialUpdate":false,"showSkybox":false,"showFlares":false,"showImageEffects":false,"showParticleSystems":false},"in2DMode":false,"pivot":{"x":6.285966873168945,"y":5.132741928100586,"z":-2.741180896759033},"rotation":{"x":-0.2957048714160919,"y":0.026359478011727334,"z":-0.008161940611898899,"w":-0.9548861980438232},"size":12.398200035095215,"orthographic":false}