{"cameraMode":{"drawMode":0,"name":"Shaded","section":"Shading Mode"},"sceneLighting":false,"audioPlay":false,"sceneViewState":{"showFog":false,"showMaterialUpdate":false,"showSkybox":false,"showFlares":false,"showImageEffects":false,"showParticleSystems":false},"in2DMode":false,"pivot":{"x":-1.7334808111190797,"y":16.924823760986329,"z":4.837254047393799},"rotation":{"x":-0.2952721118927002,"y":0.5201215147972107,"z":-0.19774366915225984,"w":-0.7766525149345398},"size":44.61656951904297,"orthographic":false}