{"cameraMode":{"drawMode":0,"name":"Shaded","section":"Shading Mode"},"sceneLighting":false,"audioPlay":false,"sceneViewState":{"showFog":false,"showMaterialUpdate":false,"showSkybox":false,"showFlares":false,"showImageEffects":false,"showParticleSystems":false},"in2DMode":false,"pivot":{"x":14.10230541229248,"y":26.78160858154297,"z":-4.158454895019531},"rotation":{"x":-0.0834125280380249,"y":0.4707929491996765,"z":-0.04476987197995186,"w":-0.8771517276763916},"size":32.29343795776367,"orthographic":false}