{"cameraMode":{"drawMode":0,"name":"Shaded","section":"Shading Mode"},"sceneLighting":false,"audioPlay":false,"sceneViewState":{"showFog":false,"showMaterialUpdate":false,"showSkybox":false,"showFlares":false,"showImageEffects":false,"showParticleSystems":false},"in2DMode":false,"pivot":{"x":14.684000015258789,"y":6.090340614318848,"z":-0.2839980125427246},"rotation":{"x":-0.25172147154808047,"y":0.607070803642273,"z":-0.21120470762252809,"w":-0.7235292792320252},"size":24.575092315673829,"orthographic":false}