{"cameraMode":{"drawMode":0,"name":"Shaded","section":"Shading Mode"},"sceneLighting":false,"audioPlay":false,"sceneViewState":{"showFog":false,"showMaterialUpdate":false,"showSkybox":false,"showFlares":false,"showImageEffects":false,"showParticleSystems":false},"in2DMode":false,"pivot":{"x":5.9827165603637699,"y":20.379718780517579,"z":-8.353626251220704},"rotation":{"x":0.2716822028160095,"y":0.6432419419288635,"z":-0.26238784193992617,"w":0.6660304069519043},"size":28.290142059326173,"orthographic":false}