{"cameraMode":{"drawMode":0,"name":"Shaded","section":"Shading Mode"},"sceneLighting":false,"audioPlay":false,"sceneViewState":{"showFog":false,"showMaterialUpdate":false,"showSkybox":false,"showFlares":false,"showImageEffects":false,"showParticleSystems":false},"in2DMode":false,"pivot":{"x":3.1429834365844728,"y":2.566370964050293,"z":-1.3705904483795167},"rotation":{"x":-0.06900720298290253,"y":0.2953173816204071,"z":-0.021391555666923524,"w":-0.9526646733283997},"size":6.199100017547607,"orthographic":false}