{"cameraMode":{"drawMode":0,"name":"Shaded","section":"Shading Mode"},"sceneLighting":false,"audioPlay":false,"sceneViewState":{"showFog":false,"showMaterialUpdate":false,"showSkybox":false,"showFlares":false,"showImageEffects":false,"showParticleSystems":false},"in2DMode":false,"pivot":{"x":808.9356689453125,"y":-269.9866638183594,"z":297.82958984375},"rotation":{"x":-0.12468922138214112,"y":-0.7439385056495667,"z":0.1448543220758438,"w":-0.6403508186340332},"size":561.7265625,"orthographic":false}