{"cameraMode":{"drawMode":0,"name":"Shaded","section":"Shading Mode"},"sceneLighting":false,"audioPlay":false,"sceneViewState":{"showFog":false,"showMaterialUpdate":false,"showSkybox":false,"showFlares":false,"showImageEffects":false,"showParticleSystems":false},"in2DMode":false,"pivot":{"x":0.1551682949066162,"y":63.679054260253909,"z":7.590250492095947},"rotation":{"x":-0.0834125280380249,"y":0.4707929491996765,"z":-0.04476987197995186,"w":-0.8771517276763916},"size":38.724178314208987,"orthographic":false}