{"cameraMode":{"drawMode":0,"name":"Shaded","section":"Shading Mode"},"sceneLighting":false,"audioPlay":false,"sceneViewState":{"showFog":false,"showMaterialUpdate":false,"showSkybox":false,"showFlares":false,"showImageEffects":false,"showParticleSystems":false},"in2DMode":false,"pivot":{"x":3.940136432647705,"y":14.863662719726563,"z":-2.765043258666992},"rotation":{"x":0.2716822028160095,"y":0.6432419419288635,"z":-0.26238784193992617,"w":0.6660304069519043},"size":19.314857482910158,"orthographic":false}