{"cameraMode":{"drawMode":0,"name":"Shaded","section":"Shading Mode"},"sceneLighting":false,"audioPlay":false,"sceneViewState":{"showFog":false,"showMaterialUpdate":false,"showSkybox":false,"showFlares":false,"showImageEffects":false,"showParticleSystems":false},"in2DMode":false,"pivot":{"x":-11.384356498718262,"y":-5.686107635498047,"z":2.1094911098480226},"rotation":{"x":-0.25172147154808047,"y":0.607070803642273,"z":-0.21120470762252809,"w":-0.7235292792320252},"size":24.99850082397461,"orthographic":false}