{"cameraMode":{"drawMode":0,"name":"Shaded","section":"Shading Mode"},"sceneLighting":false,"audioPlay":false,"sceneViewState":{"showFog":false,"showMaterialUpdate":false,"showSkybox":false,"showFlares":false,"showImageEffects":false,"showParticleSystems":false},"in2DMode":false,"pivot":{"x":-12.87122917175293,"y":38.921142578125,"z":-1.7551920413970948},"rotation":{"x":0.31599748134613039,"y":0.6581329107284546,"z":-0.35681837797164919,"w":0.582841694355011},"size":6.516166687011719,"orthographic":false}