{"cameraMode":{"drawMode":0,"name":"Shaded","section":"Shading Mode"},"sceneLighting":false,"audioPlay":false,"sceneViewState":{"showFog":false,"showMaterialUpdate":false,"showSkybox":false,"showFlares":false,"showImageEffects":false,"showParticleSystems":false},"in2DMode":false,"pivot":{"x":2.9749999046325685,"y":3.368860960006714,"z":1.0550012588500977},"rotation":{"x":-0.2957048714160919,"y":0.026359478011727334,"z":-0.008161940611898899,"w":-0.9548861980438232},"size":12.651952743530274,"orthographic":false}