{"cameraMode":{"drawMode":0,"name":"Shaded","section":"Shading Mode"},"sceneLighting":false,"audioPlay":false,"sceneViewState":{"showFog":false,"showMaterialUpdate":false,"showSkybox":false,"showFlares":false,"showImageEffects":false,"showParticleSystems":false},"in2DMode":false,"pivot":{"x":-12.439644813537598,"y":18.461894989013673,"z":-11.031166076660157},"rotation":{"x":-0.2588556110858917,"y":0.5012062788009644,"z":-0.16016915440559388,"w":-0.8100215792655945},"size":27.546489715576173,"orthographic":false}