{"cameraMode":{"drawMode":0,"name":"Shaded","section":"Shading Mode"},"sceneLighting":false,"audioPlay":false,"sceneViewState":{"showFog":false,"showMaterialUpdate":false,"showSkybox":false,"showFlares":false,"showImageEffects":false,"showParticleSystems":false},"in2DMode":false,"pivot":{"x":-11.30571460723877,"y":22.175403594970704,"z":13.170994758605957},"rotation":{"x":-0.23033134639263154,"y":0.46394065022468569,"z":-0.1263090968132019,"w":-0.8460227847099304},"size":32.00503158569336,"orthographic":false}