{"cameraMode":{"drawMode":0,"name":"Shaded","section":"Shading Mode"},"sceneLighting":false,"audioPlay":false,"sceneViewState":{"showFog":false,"showMaterialUpdate":false,"showSkybox":false,"showFlares":false,"showImageEffects":false,"showParticleSystems":false},"in2DMode":false,"pivot":{"x":1.442030906677246,"y":1.7484657764434815,"z":0.2542397975921631},"rotation":{"x":-0.2957048714160919,"y":0.026359478011727334,"z":-0.008161940611898899,"w":-0.9548861980438232},"size":3.645371437072754,"orthographic":false}