{"cameraMode":{"drawMode":0,"name":"Shaded","section":"Shading Mode"},"sceneLighting":false,"audioPlay":false,"sceneViewState":{"showFog":true,"showMaterialUpdate":false,"showSkybox":false,"showFlares":true,"showImageEffects":true,"showParticleSystems":true},"in2DMode":false,"pivot":{"x":-0.2332840859889984,"y":0.3810866177082062,"z":-0.23600220680236817},"rotation":{"x":0.157122403383255,"y":0.7387174963951111,"z":-0.18454526364803315,"w":0.6289354562759399},"size":1.0214635133743287,"orthographic":false}