{"cameraMode":{"drawMode":0,"name":"Shaded","section":"Shading Mode"},"sceneLighting":false,"audioPlay":false,"sceneViewState":{"showFog":true,"showMaterialUpdate":false,"showSkybox":false,"showFlares":true,"showImageEffects":true,"showParticleSystems":true},"in2DMode":false,"pivot":{"x":0.004051685333251953,"y":2.9914207458496095,"z":0.0},"rotation":{"x":0.20784123241901399,"y":0.7100812196731567,"z":-0.23398135602474214,"w":0.630748987197876},"size":12.12435531616211,"orthographic":false}