{"cameraMode":{"drawMode":0,"name":"Shaded","section":"Shading Mode"},"sceneLighting":false,"audioPlay":false,"sceneViewState":{"showFog":true,"showMaterialUpdate":false,"showSkybox":false,"showFlares":true,"showImageEffects":true,"showParticleSystems":true},"in2DMode":false,"pivot":{"x":11.19265079498291,"y":21.10468864440918,"z":-8.520007133483887},"rotation":{"x":0.13145150244235993,"y":0.8627248406410217,"z":-0.28715184330940249,"w":0.3949336111545563},"size":26.235626220703126,"orthographic":false}