{"cameraMode":{"drawMode":0,"name":"Shaded","section":"Shading Mode"},"sceneLighting":false,"audioPlay":false,"sceneViewState":{"showFog":true,"showMaterialUpdate":false,"showSkybox":false,"showFlares":true,"showImageEffects":true,"showParticleSystems":true},"in2DMode":false,"pivot":{"x":4.943551540374756,"y":1.1107101440429688,"z":-2.8772711753845217},"rotation":{"x":0.14328604936599732,"y":0.8548257946968079,"z":-0.32059717178344729,"w":0.38204988837242129},"size":2.3660926818847658,"orthographic":false}