{"cameraMode":{"drawMode":0,"name":"Shaded","section":"Shading Mode"},"sceneLighting":false,"audioPlay":false,"sceneViewState":{"showFog":true,"showMaterialUpdate":false,"showSkybox":false,"showFlares":true,"showImageEffects":true,"showParticleSystems":true},"in2DMode":false,"pivot":{"x":-0.4645894169807434,"y":-7.938005447387695,"z":-6.695228576660156},"rotation":{"x":0.3531307578086853,"y":0.15611375868320466,"z":-0.059889182448387149,"w":0.9205141663551331},"size":18.42714500427246,"orthographic":false}