{"cameraMode":{"drawMode":0,"name":"Shaded","section":"Shading Mode"},"sceneLighting":false,"audioPlay":false,"sceneViewState":{"showFog":true,"showMaterialUpdate":false,"showSkybox":false,"showFlares":true,"showImageEffects":true,"showParticleSystems":true},"in2DMode":false,"pivot":{"x":-7.242809295654297,"y":12.314690589904786,"z":0.25092077255249026},"rotation":{"x":0.23424844443798066,"y":0.6485601663589478,"z":-0.2201995849609375,"w":0.689936101436615},"size":26.16204261779785,"orthographic":false}