{"cameraMode":{"drawMode":0,"name":"Shaded","section":"Shading Mode"},"sceneLighting":false,"audioPlay":false,"sceneViewState":{"showFog":true,"showMaterialUpdate":false,"showSkybox":false,"showFlares":true,"showImageEffects":true,"showParticleSystems":true},"in2DMode":false,"pivot":{"x":3.8819141387939455,"y":56.039939880371097,"z":-1.610219955444336},"rotation":{"x":0.13145150244235993,"y":0.8627248406410217,"z":-0.28715184330940249,"w":0.3949336111545563},"size":58.09955978393555,"orthographic":false}