{"cameraMode":{"drawMode":0,"name":"Shaded","section":"Shading Mode"},"sceneLighting":false,"audioPlay":false,"sceneViewState":{"showFog":true,"showMaterialUpdate":false,"showSkybox":false,"showFlares":true,"showImageEffects":true,"showParticleSystems":true},"in2DMode":false,"pivot":{"x":-1.1847357749938965,"y":17.33953285217285,"z":-6.908200263977051},"rotation":{"x":0.13145150244235993,"y":0.8627248406410217,"z":-0.28715184330940249,"w":0.3949336111545563},"size":20.349491119384767,"orthographic":false}