{"cameraMode":{"drawMode":0,"name":"Shaded","section":"Shading Mode"},"sceneLighting":false,"audioPlay":false,"sceneViewState":{"showFog":true,"showMaterialUpdate":false,"showSkybox":false,"showFlares":true,"showImageEffects":true,"showParticleSystems":true},"in2DMode":false,"pivot":{"x":-15.350601196289063,"y":28.525115966796876,"z":-25.307003021240236},"rotation":{"x":0.1584043949842453,"y":0.832091748714447,"z":-0.30073174834251406,"w":0.43828579783439639},"size":31.344341278076173,"orthographic":false}