{"cameraMode":{"drawMode":0,"name":"Shaded","section":"Shading Mode"},"sceneLighting":false,"audioPlay":false,"sceneViewState":{"showFog":true,"showMaterialUpdate":false,"showSkybox":false,"showFlares":true,"showImageEffects":true,"showParticleSystems":true},"in2DMode":false,"pivot":{"x":1.0026423931121827,"y":0.26512718200683596,"z":0.7485318779945374},"rotation":{"x":0.22594356536865235,"y":0.4952720105648041,"z":-0.1351369172334671,"w":0.8279087543487549},"size":2.4875144958496095,"orthographic":false}