{"cameraMode":{"drawMode":0,"name":"Shaded","section":"Shading Mode"},"sceneLighting":false,"audioPlay":false,"sceneViewState":{"showFog":true,"showMaterialUpdate":false,"showSkybox":false,"showFlares":true,"showImageEffects":true,"showParticleSystems":true},"in2DMode":false,"pivot":{"x":99.72216796875,"y":42.07002639770508,"z":22.88587188720703},"rotation":{"x":0.10199834406375885,"y":0.8747641444206238,"z":-0.42451295256614687,"w":0.21017999947071076},"size":15.709819793701172,"orthographic":false}