{"cameraMode":{"drawMode":0,"name":"Shaded","section":"Shading Mode"},"sceneLighting":false,"audioPlay":false,"sceneViewState":{"showFog":true,"showMaterialUpdate":false,"showSkybox":false,"showFlares":true,"showImageEffects":true,"showParticleSystems":true},"in2DMode":false,"pivot":{"x":1.0,"y":0.15000006556510926,"z":-7.748603820800781e-7},"rotation":{"x":0.5259499549865723,"y":-0.0909603163599968,"z":0.05671263486146927,"w":0.8437578678131104},"size":1.4150978326797486,"orthographic":false}