{"cameraMode":{"drawMode":0,"name":"Shaded","section":"Shading Mode"},"sceneLighting":false,"audioPlay":false,"sceneViewState":{"showFog":true,"showMaterialUpdate":false,"showSkybox":false,"showFlares":true,"showImageEffects":true,"showParticleSystems":true},"in2DMode":false,"pivot":{"x":1.8999996185302735,"y":0.01635374128818512,"z":20.20000457763672},"rotation":{"x":0.17963959276676179,"y":0.7240519523620606,"z":-0.20531374216079713,"w":0.6335081458091736},"size":12.300935745239258,"orthographic":false}