{"cameraMode":{"drawMode":0,"name":"Shaded","section":"Shading Mode"},"sceneLighting":false,"audioPlay":false,"sceneViewState":{"showFog":true,"showMaterialUpdate":false,"showSkybox":false,"showFlares":true,"showImageEffects":true,"showParticleSystems":true},"in2DMode":false,"pivot":{"x":-5.719296932220459,"y":0.20072679221630097,"z":12.037422180175782},"rotation":{"x":0.13091710209846497,"y":0.79456627368927,"z":-0.1846255660057068,"w":0.5634189248085022},"size":18.62266731262207,"orthographic":false}