{"cameraMode":{"drawMode":0,"name":"Shaded","section":"Shading Mode"},"sceneLighting":false,"audioPlay":false,"sceneViewState":{"showFog":true,"showMaterialUpdate":false,"showSkybox":false,"showFlares":true,"showImageEffects":true,"showParticleSystems":true},"in2DMode":false,"pivot":{"x":9.428949356079102,"y":5.132741928100586,"z":-3.42647647857666},"rotation":{"x":0.2587090730667114,"y":0.6906899809837341,"z":-0.2939004898071289,"w":0.6079849004745483},"size":16.482873916625978,"orthographic":false}