{"cameraMode":{"drawMode":0,"name":"Shaded","section":"Shading Mode"},"sceneLighting":true,"audioPlay":false,"sceneViewState":{"showFog":true,"showMaterialUpdate":false,"showSkybox":true,"showFlares":true,"showImageEffects":true,"showParticleSystems":true},"in2DMode":false,"pivot":{"x":-171.13743591308595,"y":-158.2398223876953,"z":408.5769958496094},"rotation":{"x":-0.09947618842124939,"y":0.8443112373352051,"z":-0.16834783554077149,"w":-0.49890077114105227},"size":276.0553894042969,"orthographic":false}